,ID,Active_triad,S,D,H,class,Reason
0,TanAAp,ANH,438,898,935,Not Tan,Missing: S
1,TanALp,SQH,438,898,935,Amide,Is Tan
2,TanASl,SQH,438,898,935,Amide,Is Tan
3,TanASg,SQH,438,898,935,Amide,Is Tan
4,TanBFnp,SDH,438,898,935,Acid,Is Tan
5,TanBLpa,SDH,438,898,935,Acid,Is Tan
6,TanBLpe,SDH,438,898,935,Acid,Is Tan
7,TanBLp,SDH,438,898,935,Acid,Is Tan
8,TanBSg,SDH,438,898,935,Acid,Is Tan
9,TanBSs,SDH,438,898,935,Acid,Is Tan
10,TanCb1,SQH,438,898,935,Amide,Is Tan
11,TanCb2,SDH,438,898,935,Acid,Is Tan
12,TanCb3,SDH,438,898,935,Acid,Is Tan
13,641746432,SDH,438,898,935,Acid,Is Tan
14,647526067,SDH,438,898,935,Acid,Is Tan
15,2505790797,SDH,438,898,935,Acid,Is Tan
16,2509549983,SQH,438,898,935,Amide,Is Tan
17,2511056385,SQH,438,898,935,Amide,Is Tan
18,2515271184,SDH,438,898,935,Acid,Is Tan
19,2520858584,SDH,438,898,935,Acid,Is Tan
20,2532577375,SDH,438,898,935,Acid,Is Tan
21,2554439104,SDH,438,898,935,Acid,Is Tan
22,2554441166,SDH,438,898,935,Acid,Is Tan
23,2559352011,SDH,438,898,935,Acid,Is Tan
24,2559386245,SDH,438,898,935,Acid,Is Tan
25,2561336272,SDH,438,898,935,Acid,Is Tan
26,2561339177,SDH,438,898,935,Acid,Is Tan
27,2561341273,SDH,438,898,935,Acid,Is Tan
28,2564011747,SDH,438,898,935,Acid,Is Tan
29,2567017550,SDH,438,898,935,Acid,Is Tan
30,2567022283,SDH,438,898,935,Acid,Is Tan
31,2567202592,SDH,438,898,935,Acid,Is Tan
32,2567372575,SDH,438,898,935,Acid,Is Tan
33,2567373568,SDH,438,898,935,Acid,Is Tan
34,2567377351,SDH,438,898,935,Acid,Is Tan
35,2635528200,SDH,438,898,935,Acid,Is Tan
36,2678400947,SDH,438,898,935,Acid,Is Tan
37,2705769279,SQH,438,898,935,Amide,Is Tan
38,2765624323,SDH,438,898,935,Acid,Is Tan
39,2813373532,SDH,438,898,935,Acid,Is Tan
40,2813878675,SDH,438,898,935,Acid,Is Tan
41,2843925074,SDH,438,898,935,Acid,Is Tan
42,2847470013,SDH,438,898,935,Acid,Is Tan
43,2849014119,SDH,438,898,935,Acid,Is Tan
44,2856181804,SDH,438,898,935,Acid,Is Tan
45,2856190891,SDH,438,898,935,Acid,Is Tan
46,2859119394,SDH,438,898,935,Acid,Is Tan
47,2859120770,SDH,438,898,935,Acid,Is Tan
48,2859127800,SDH,438,898,935,Acid,Is Tan
49,2859139131,SDH,438,898,935,Acid,Is Tan
50,2869309611,SDH,438,898,935,Acid,Is Tan
51,637258864,SDH,438,898,935,Acid,Is Tan
52,646254125,SDH,438,898,935,Acid,Is Tan
53,646256224,SDH,438,898,935,Acid,Is Tan
54,644252663,SNH,438,898,935,Amide,Is Tan
55,648818377,SQH,438,898,935,Amide,Is Tan
56,651076336,SQH,438,898,935,Amide,Is Tan
57,2515594305,SDH,438,898,935,Acid,Is Tan
58,2518419131,SQH,438,898,935,Amide,Is Tan
59,2518695199,SQH,438,898,935,Amide,Is Tan
60,2518712047,SQH,438,898,935,Amide,Is Tan
61,2521682749,SDH,438,898,935,Acid,Is Tan
62,2521772704,SDH,438,898,935,Acid,Is Tan
63,2525441047,SQH,438,898,935,Amide,Is Tan
64,2525509443,SQH,438,898,935,Amide,Is Tan
65,2525512195,SQH,438,898,935,Amide,Is Tan
66,2526247906,SQH,438,898,935,Amide,Is Tan
67,2541461213,SNH,438,898,935,Amide,Is Tan
68,2541814430,GSF,438,898,935,Not Tan,"Missing: S, H, [D/E/N/Q]"
69,2545784013,SQH,438,898,935,Amide,Is Tan
70,2549870083,SDH,438,898,935,Acid,Is Tan
71,2553000633,SQH,438,898,935,Amide,Is Tan
72,2559783787,GQF,438,898,935,Not Tan,"Missing: S, H"
73,2561325321,ANH,438,898,935,Not Tan,Missing: S
74,2561327489,ANH,438,898,935,Not Tan,Missing: S
75,2561459174,SQH,438,898,935,Amide,Is Tan
76,2562201711,SQH,438,898,935,Amide,Is Tan
77,2562551738,SQH,438,898,935,Amide,Is Tan
78,2563232424,SQH,438,898,935,Amide,Is Tan
79,2571114083,SQH,438,898,935,Amide,Is Tan
80,2582171838,S--,438,898,935,Not Tan,"Missing: H, [D/E/N/Q]"
81,2585308755,SDH,438,898,935,Acid,Is Tan
82,2586993216,SQH,438,898,935,Amide,Is Tan
83,2598962618,S--,438,898,935,Not Tan,"Missing: H, [D/E/N/Q]"
84,2599311692,SQH,438,898,935,Amide,Is Tan
85,2600401283,SQH,438,898,935,Amide,Is Tan
86,2601013064,ANH,438,898,935,Not Tan,Missing: S
87,2608461850,SDH,438,898,935,Acid,Is Tan
88,2609146504,GQY,438,898,935,Not Tan,"Missing: S, H"
89,2624521198,SDH,438,898,935,Acid,Is Tan
90,2629350457,SQH,438,898,935,Amide,Is Tan
91,2630154569,SQH,438,898,935,Amide,Is Tan
92,2631622569,SQH,438,898,935,Amide,Is Tan
93,2635642811,SDH,438,898,935,Acid,Is Tan
94,2636509363,S--,438,898,935,Not Tan,"Missing: H, [D/E/N/Q]"
95,2636645018,SQH,438,898,935,Amide,Is Tan
96,2641118398,SQH,438,898,935,Amide,Is Tan
97,2641419026,SDH,438,898,935,Acid,Is Tan
98,2644262238,SDH,438,898,935,Acid,Is Tan
99,2644437127,SDH,438,898,935,Acid,Is Tan
100,2645861674,SDH,438,898,935,Acid,Is Tan
101,2649292179,SDH,438,898,935,Acid,Is Tan
102,2654354322,SQH,438,898,935,Amide,Is Tan
103,2654356166,SDH,438,898,935,Acid,Is Tan
104,2661929472,SQH,438,898,935,Amide,Is Tan
105,2663663996,GQY,438,898,935,Not Tan,"Missing: S, H"
106,2663801603,SQH,438,898,935,Amide,Is Tan
107,2676252688,SDH,438,898,935,Acid,Is Tan
108,2685198825,SDH,438,898,935,Acid,Is Tan
109,2685210361,SDH,438,898,935,Acid,Is Tan
110,2688359802,GQF,438,898,935,Not Tan,"Missing: S, H"
111,2697184229,SQH,438,898,935,Amide,Is Tan
112,2702467603,SDH,438,898,935,Acid,Is Tan
113,2723987974,SQH,438,898,935,Amide,Is Tan
114,2725337609,SDH,438,898,935,Acid,Is Tan
115,2731590348,SDH,438,898,935,Acid,Is Tan
116,2731610882,SDH,438,898,935,Acid,Is Tan
117,2733488751,SQH,438,898,935,Amide,Is Tan
118,2743529465,SQH,438,898,935,Amide,Is Tan
119,2745152095,SQH,438,898,935,Amide,Is Tan
120,2745546911,SQH,438,898,935,Amide,Is Tan
121,2753158319,GDH,438,898,935,Not Tan,Missing: S
122,2755298023,SQH,438,898,935,Amide,Is Tan
123,2766268657,SDH,438,898,935,Acid,Is Tan
124,2767881435,SDH,438,898,935,Acid,Is Tan
125,2768039407,SDH,438,898,935,Acid,Is Tan
126,2768110288,SDH,438,898,935,Acid,Is Tan
127,2771870499,SQH,438,898,935,Amide,Is Tan
128,2772467531,SDH,438,898,935,Acid,Is Tan
129,2773978781,SDH,438,898,935,Acid,Is Tan
130,2774734325,SQH,438,898,935,Amide,Is Tan
131,2776324838,GQF,438,898,935,Not Tan,"Missing: S, H"
132,2777182996,SDH,438,898,935,Acid,Is Tan
133,2777946331,S--,438,898,935,Not Tan,"Missing: H, [D/E/N/Q]"
134,2785369462,SDH,438,898,935,Acid,Is Tan
135,2786651172,SDH,438,898,935,Acid,Is Tan
136,2786670570,SDH,438,898,935,Acid,Is Tan
137,2786684491,SDH,438,898,935,Acid,Is Tan
138,2789340305,GSF,438,898,935,Not Tan,"Missing: S, H, [D/E/N/Q]"
139,2790741903,SDH,438,898,935,Acid,Is Tan
140,2790744589,ADH,438,898,935,Not Tan,Missing: S
141,2790746446,GDH,438,898,935,Not Tan,Missing: S
142,2790749455,GDH,438,898,935,Not Tan,Missing: S
143,2790753388,GDH,438,898,935,Not Tan,Missing: S
144,2792388898,GQF,438,898,935,Not Tan,"Missing: S, H"
145,2794159888,SDH,438,898,935,Acid,Is Tan
146,2798895369,SDH,438,898,935,Acid,Is Tan
147,2798901129,SDH,438,898,935,Acid,Is Tan
148,2798936322,SDH,438,898,935,Acid,Is Tan
149,2800247947,SQH,438,898,935,Amide,Is Tan
150,2800257106,SQH,438,898,935,Amide,Is Tan
151,2800264098,SQH,438,898,935,Amide,Is Tan
152,2800272269,SQH,438,898,935,Amide,Is Tan
153,2800635855,SQH,438,898,935,Amide,Is Tan
154,2800691517,SQH,438,898,935,Amide,Is Tan
155,2800698379,SQH,438,898,935,Amide,Is Tan
156,2800734521,SQH,438,898,935,Amide,Is Tan
157,2800742131,SQ-,438,898,935,Not Tan,Missing: H
158,2800827582,GQF,438,898,935,Not Tan,"Missing: S, H"
159,2800836454,SQH,438,898,935,Amide,Is Tan
160,2805031640,SDH,438,898,935,Acid,Is Tan
161,2805387677,SQH,438,898,935,Amide,Is Tan
162,2805392336,SQH,438,898,935,Amide,Is Tan
163,2805394774,SQH,438,898,935,Amide,Is Tan
164,2805467496,SQH,438,898,935,Amide,Is Tan
165,2805551944,SQH,438,898,935,Amide,Is Tan
166,2805601234,SQH,438,898,935,Amide,Is Tan
167,2808842023,SDH,438,898,935,Acid,Is Tan
168,2808920540,SDH,438,898,935,Acid,Is Tan
169,2812824980,SQH,438,898,935,Amide,Is Tan
170,2812990800,SQH,438,898,935,Amide,Is Tan
171,2813246512,SQH,438,898,935,Amide,Is Tan
172,2813283681,SQH,438,898,935,Amide,Is Tan
173,2813287926,SQH,438,898,935,Amide,Is Tan
174,2826332774,SQH,438,898,935,Amide,Is Tan
175,2826335383,SQH,438,898,935,Amide,Is Tan
176,2826338038,SQH,438,898,935,Amide,Is Tan
177,2826347370,SQH,438,898,935,Amide,Is Tan
178,2826355069,SQH,438,898,935,Amide,Is Tan
179,2831425956,SQH,438,898,935,Amide,Is Tan
180,2834105888,SDH,438,898,935,Acid,Is Tan
181,2837623044,SDH,438,898,935,Acid,Is Tan
182,2840801686,SDH,438,898,935,Acid,Is Tan
183,2841219448,ADH,438,898,935,Not Tan,Missing: S
184,2846498488,SDH,438,898,935,Acid,Is Tan
185,2846501797,SDH,438,898,935,Acid,Is Tan
186,2846504933,ADH,438,898,935,Not Tan,Missing: S
187,2851424282,SQH,438,898,935,Amide,Is Tan
188,2862285611,SDH,438,898,935,Acid,Is Tan
189,2865153889,GDH,438,898,935,Not Tan,Missing: S
190,2866956199,SDH,438,898,935,Acid,Is Tan
191,2866957454,ADH,438,898,935,Not Tan,Missing: S
192,2867631196,SDH,438,898,935,Acid,Is Tan
193,2867663697,SDH,438,898,935,Acid,Is Tan
194,2872781297,SDH,438,898,935,Acid,Is Tan
195,2873090557,SDH,438,898,935,Acid,Is Tan
196,2882241440,SQH,438,898,935,Amide,Is Tan
197,2895297582,GQF,438,898,935,Not Tan,"Missing: S, H"
198,2900922251,SQH,438,898,935,Amide,Is Tan
199,2907612462,SQH,438,898,935,Amide,Is Tan
200,2910157584,SQH,438,898,935,Amide,Is Tan
201,2911594683,SDH,438,898,935,Acid,Is Tan
202,2911617436,GDH,438,898,935,Not Tan,Missing: S
203,2916502694,SQH,438,898,935,Amide,Is Tan
204,2917284031,SQH,438,898,935,Amide,Is Tan
205,2923490717,GQF,438,898,935,Not Tan,"Missing: S, H"
206,2925440118,SQH,438,898,935,Amide,Is Tan
207,637389931,SDH,438,898,935,Acid,Is Tan
208,646037829,SDH,438,898,935,Acid,Is Tan
209,646038830,SDH,438,898,935,Acid,Is Tan
210,648819057,SDH,438,898,935,Acid,Is Tan
211,650748690,-QH,438,898,935,Not Tan,Missing: S
212,2518420498,SDH,438,898,935,Acid,Is Tan
213,2545540001,SDH,438,898,935,Acid,Is Tan
214,2559698877,GSF,438,898,935,Not Tan,"Missing: S, H, [D/E/N/Q]"
215,2572637226,SDH,438,898,935,Acid,Is Tan
216,2580247201,SDH,438,898,935,Acid,Is Tan
217,2581305531,SDH,438,898,935,Acid,Is Tan
218,2587225559,-QH,438,898,935,Not Tan,Missing: S
219,2596287002,SDH,438,898,935,Acid,Is Tan
220,2597909647,SDH,438,898,935,Acid,Is Tan
221,2599312445,SDH,438,898,935,Acid,Is Tan
222,2608465151,SDH,438,898,935,Acid,Is Tan
223,2608983103,SDH,438,898,935,Acid,Is Tan
224,2612392617,SDH,438,898,935,Acid,Is Tan
225,2621025926,SDH,438,898,935,Acid,Is Tan
226,2621080637,SDH,438,898,935,Acid,Is Tan
227,2641120372,SDH,438,898,935,Acid,Is Tan
228,2642101342,SDH,438,898,935,Acid,Is Tan
229,2649694916,SDH,438,898,935,Acid,Is Tan
230,2656988094,SDH,438,898,935,Acid,Is Tan
231,2673085225,SDH,438,898,935,Acid,Is Tan
232,2701455799,S--,438,898,935,Not Tan,"Missing: H, [D/E/N/Q]"
233,2734583469,SQH,438,898,935,Amide,Is Tan
234,2745503175,SDH,438,898,935,Acid,Is Tan
235,2771784190,SDH,438,898,935,Acid,Is Tan
236,2777374232,SDH,438,898,935,Acid,Is Tan
237,2790456210,SDH,438,898,935,Acid,Is Tan
238,2791281950,SDH,438,898,935,Acid,Is Tan
239,2793572515,SDH,438,898,935,Acid,Is Tan
240,2800727165,SQH,438,898,935,Amide,Is Tan
241,2808082563,SDH,438,898,935,Acid,Is Tan
242,2808295654,SDH,438,898,935,Acid,Is Tan
243,2810452938,SDH,438,898,935,Acid,Is Tan
244,2812825829,SDH,438,898,935,Acid,Is Tan
245,2812989787,SDH,438,898,935,Acid,Is Tan
246,2815614087,SDH,438,898,935,Acid,Is Tan
247,2832934002,SDH,438,898,935,Acid,Is Tan
248,2835246207,SDH,438,898,935,Acid,Is Tan
249,2842958932,SDH,438,898,935,Acid,Is Tan
250,2844122133,SDH,438,898,935,Acid,Is Tan
251,2854057680,SDH,438,898,935,Acid,Is Tan
252,2882850827,SDH,438,898,935,Acid,Is Tan
253,2885675413,SDH,438,898,935,Acid,Is Tan
254,2915416054,SDH,438,898,935,Acid,Is Tan
255,2917284871,SDH,438,898,935,Acid,Is Tan
256,2923823150,SDH,438,898,935,Acid,Is Tan
257,2925425477,SDH,438,898,935,Acid,Is Tan
258,2925436013,SDH,438,898,935,Acid,Is Tan
259,2925440967,SDH,438,898,935,Acid,Is Tan
