,ID,Active_triad,S,D,H
0,TanAAp,ANH,193,529,563
1,TanALp,SQH,196,549,583
2,TanASl,SQH,205,540,574
3,TanASg,SQH,187,516,549
4,TanBFnp,SDH,173,451,483
5,TanBLpa,SDH,164,420,452
6,TanBLpe,SDH,164,421,453
7,TanBLp,SDH,164,420,452
8,TanBSg,SDH,153,421,453
9,TanBSs,SDH,210,453,485
10,TanCb1,SQH,195,556,590
11,TanCb2,SDH,176,440,472
12,641746432,SDH,173,451,483
13,647526067,SDH,173,451,483
14,2505790797,SDH,166,408,440
15,2509549983,SQH,168,502,537
16,2511056385,SQH,324,682,716
17,2515271184,SDH,178,432,464
18,2520858584,SDH,172,450,482
19,2532577375,SDH,173,451,483
20,2554439104,SDH,173,451,483
21,2554441166,SDH,173,451,483
22,2559352011,SDH,181,446,478
23,2559386245,SDH,181,446,478
24,2561336272,SDH,173,451,483
25,2561339177,SDH,173,451,483
26,2561341273,SDH,173,451,483
27,2564011747,SDH,173,451,483
28,2567017550,SDH,173,451,483
29,2567022283,SDH,173,451,483
30,2567202592,SDH,173,451,483
31,2567372575,SDH,173,451,483
32,2567373568,SDH,175,453,485
33,2567377351,SDH,173,451,483
34,2635528200,SDH,173,451,483
35,2678400947,SDH,173,451,483
36,2705769279,SQH,169,504,539
37,2765624323,SDH,173,451,483
38,2813373532,SDH,172,423,455
39,2813878675,SDH,164,418,450
40,2843925074,SDH,173,451,483
41,2847470013,SDH,173,451,483
42,2849014119,SDH,173,451,483
43,2856181804,SDH,172,450,482
44,2856190891,SDH,173,451,483
45,2859119394,SDH,173,451,483
46,2859120770,SDH,173,451,483
47,2859127800,SDH,173,451,483
48,2859139131,SDH,173,451,483
49,2869309611,SDH,173,451,483
50,637258864,SDH,167,445,477
51,646254125,SDH,177,455,487
52,646256224,SDH,177,455,487
53,644252663,SNH,195,579,613
54,648818377,SQH,187,516,549
55,651076336,SQH,187,516,549
56,2515594305,SDH,207,449,481
57,2518419131,SQH,196,550,584
58,2518695199,SQH,196,559,593
59,2518712047,SQH,196,559,593
60,2521682749,SDH,211,454,486
61,2521772704,SDH,205,448,480
62,2525441047,SQH,201,536,568
63,2525509443,SQH,201,562,594
64,2525512195,SQH,201,564,596
65,2526247906,SQH,201,557,589
66,2541461213,SNH,194,572,606
67,2541814430,GSF,205,559,593
68,2545784013,SQH,196,566,598
69,2549870083,SDH,169,423,455
70,2553000633,SQH,205,541,575
71,2559783787,GQF,196,559,593
72,2561325321,ANH,193,529,563
73,2561327489,ANH,193,529,563
74,2561459174,SQH,190,538,572
75,2562201711,SQH,199,555,592
76,2562551738,SQH,206,566,598
77,2563232424,SQH,196,559,593
78,2571114083,SQH,195,563,595
79,2582171838,S,196,340,340
80,2585308755,SDH,209,454,486
81,2586993216,SQH,196,549,583
82,2598962618,S,196,514,514
83,2599311692,SQH,187,516,549
84,2600401283,SQH,205,541,575
85,2601013064,ANH,193,529,563
86,2608461850,SDH,196,570,604
87,2609146504,GQY,192,543,577
88,2624521198,SDH,170,411,443
89,2629350457,SQH,199,546,580
90,2630154569,SQH,196,543,577
91,2631622569,SQH,196,547,581
92,2635642811,SDH,217,460,492
93,2636509363,S,196,340,340
94,2636645018,SQH,187,516,549
95,2641419026,SDH,212,457,489
96,2644262238,SDH,217,462,494
97,2644437127,SDH,214,457,489
98,2645861674,SDH,217,460,492
99,2649292179,SDH,209,452,484
100,2654354322,SQH,187,516,549
101,2654356166,SDH,195,570,604
102,2661929472,SQH,196,543,577
103,2663663996,GQY,192,543,577
104,2663801603,SQH,191,552,586
105,2676252688,SDH,213,456,488
106,2685198825,SDH,223,468,500
107,2685210361,SDH,217,462,494
108,2688359802,GQF,187,536,570
109,2697184229,SQH,195,546,580
110,2702467603,SDH,212,454,486
111,2723987974,SQH,178,540,572
112,2725337609,SDH,195,569,603
113,2731590348,SDH,202,446,478
114,2731610882,SDH,202,446,478
115,2733488751,SQH,196,549,583
116,2743529465,SQH,191,552,586
117,2745152095,SQH,196,549,583
118,2745546911,SQH,196,549,583
119,2753158319,GDH,189,551,585
120,2755298023,SQH,175,528,562
121,2766268657,SDH,214,457,489
122,2767881435,SDH,217,460,492
123,2768039407,SDH,202,448,480
124,2768110288,SDH,213,455,487
125,2771870499,SQH,211,563,597
126,2772467531,SDH,210,452,484
127,2773978781,SDH,202,446,478
128,2774734325,SQH,196,543,577
129,2776324838,GQF,188,535,569
130,2777182996,SDH,206,449,481
131,2777946331,S,181,446,446
132,2785369462,SDH,210,453,485
133,2786651172,SDH,206,449,481
134,2786670570,SDH,208,452,484
135,2786684491,SDH,216,459,491
136,2789340305,GSF,205,559,593
137,2790741903,SDH,186,575,609
138,2790744589,ADH,197,568,602
139,2790746446,GDH,185,564,598
140,2790749455,GDH,191,577,611
141,2790753388,GDH,181,539,573
142,2792388898,GQF,186,536,570
143,2794159888,SDH,205,448,480
144,2798895369,SDH,209,452,484
145,2798901129,SDH,205,447,479
146,2798936322,SDH,216,459,491
147,2800247947,SQH,179,521,555
148,2800257106,SQH,186,530,564
149,2800264098,SQH,201,544,578
150,2800272269,SQH,183,524,558
151,2800635855,SQH,203,593,627
152,2800691517,SQH,212,603,637
153,2800698379,SQH,203,593,627
154,2800734521,SQH,212,581,613
155,2800742131,SQ,202,563,577
156,2800827582,GQF,183,550,584
157,2800836454,SQH,189,571,605
158,2805031640,SDH,204,446,478
159,2805387677,SQH,204,535,569
160,2805392336,SQH,204,535,569
161,2805394774,SQH,204,535,569
162,2805467496,SQH,204,535,569
163,2805551944,SQH,204,535,569
164,2805601234,SQH,204,535,569
165,2808842023,SDH,209,452,484
166,2808920540,SDH,196,440,472
167,2812824980,SQH,196,550,584
168,2812990800,SQH,196,550,584
169,2813246512,SQH,205,541,575
170,2813283681,SQH,205,541,575
171,2813287926,SQH,205,541,575
172,2826332774,SQH,205,540,574
173,2826335383,SQH,205,540,574
174,2826338038,SQH,205,540,574
175,2826347370,SQH,205,540,574
176,2831425956,SQH,183,524,558
177,2834105888,SDH,193,568,602
178,2837623044,SDH,193,568,602
179,2840801686,SDH,187,578,612
180,2841219448,ADH,187,576,610
181,2846498488,SDH,193,568,602
182,2846501797,SDH,193,568,602
183,2846504933,ADH,196,585,619
184,2851424282,SQH,196,549,583
185,2862285611,SDH,211,454,486
186,2865153889,GDH,197,563,597
187,2866956199,SDH,192,573,607
188,2866957454,ADH,196,585,619
189,2867631196,SDH,210,452,484
190,2867663697,SDH,209,451,483
191,2872781297,SDH,214,456,488
192,2873090557,SDH,209,453,485
193,2882241440,SQH,217,577,611
194,2895297582,GQF,196,560,594
195,2900922251,SQH,196,549,583
196,2907612462,SQH,196,559,593
197,2910157584,SQH,280,598,631
198,2911594683,SDH,191,588,622
199,2911617436,GDH,185,542,576
200,2916502694,SQH,196,549,583
201,2917284031,SQH,187,516,549
202,2923490717,GQF,196,559,593
203,2925440118,SQH,196,550,584
204,637389931,SDH,164,420,452
205,646037829,SDH,193,457,489
206,646038830,SDH,163,404,436
207,648819057,SDH,153,421,453
208,650748690,QH,0,292,325
209,2518420498,SDH,164,421,453
210,2545540001,SDH,164,421,453
211,2559698877,GSF,217,571,605
212,2572637226,SDH,164,420,452
213,2580247201,SDH,164,420,452
214,2581305531,SDH,164,420,452
215,2587225559,QH,0,310,344
216,2596287002,SDH,153,421,453
217,2597909647,SDH,164,421,453
218,2599312445,SDH,153,421,453
219,2608465151,SDH,153,421,453
220,2608983103,SDH,153,421,453
221,2612392617,SDH,164,420,452
222,2621025926,SDH,153,421,453
223,2621080637,SDH,165,420,452
224,2641120372,SDH,164,421,453
225,2642101342,SDH,164,420,452
226,2649694916,SDH,164,420,452
227,2656988094,SDH,164,420,452
228,2673085225,SDH,164,420,452
229,2701455799,S,164,388,388
230,2734583469,SQH,159,520,554
231,2745503175,SDH,164,420,452
232,2771784190,SDH,163,404,436
233,2777374232,SDH,232,475,507
234,2790456210,SDH,163,409,441
235,2791281950,SDH,157,398,430
236,2793572515,SDH,165,420,452
237,2800727165,SQH,85,476,510
238,2808082563,SDH,163,419,451
239,2808295654,SDH,163,419,451
240,2810452938,SDH,162,415,447
241,2812825829,SDH,164,421,453
242,2812989787,SDH,164,421,453
243,2815614087,SDH,193,457,489
244,2832934002,SDH,164,417,449
245,2835246207,SDH,163,419,451
246,2842958932,SDH,163,404,436
247,2844122133,SDH,179,443,475
248,2882850827,SDH,164,420,452
249,2885675413,SDH,162,415,447
250,2915416054,SDH,182,446,478
251,2917284871,SDH,153,421,453
252,2923823150,SDH,163,419,451
253,2925425477,SDH,164,420,452
254,2925436013,SDH,164,420,452
255,2925440967,SDH,164,421,453
256,4j0h_A,SDH,165,421,453
257,6yq4_A,SDH,167,445,477
258,7q6y_A,SDH,176,440,472
